filename,label
0017_fake.mp4.mp4,0.6728845834732056
0045.mp4.mp4,0.8136051297187805
0048_fake.mp4.mp4,0.9593843221664429
28__talking_angry_couch.mp4.mp4,0.329720675945282
aajsqyyjni.mp4,0.04680746793746948
anndvqgoko.mp4,0.03153872489929199
azlfodrdst.mp4,0.5972063541412354
knqhpwoigk.mp4,0.12227189540863037
sample_1.mp4,0.9168318510055542
sample_2.mp4,0.26175254583358765
sample_3.mp4,0.015182733535766602
sample_4.mp4,0.008857786655426025
